Annualized_Return,Annualized_Vol,Sharpe_Ratio,Max_Drawdown,Subperiod,Portfolio
0.012464559162922108,0.008417251369303536,-0.8952377096113019,-0.007389520478681518,Subperiod_1,EW_1N
0.09578147906914594,0.067071739330529,1.1298570728231068,-0.07280010359205902,Subperiod_1,Market_Equilibrium
0.1605734282511924,0.1543452435591879,0.9107726614023299,-0.14533801063164709,Subperiod_1,BL_ML_Q1
,,0.0,-2.9590347184579238,Subperiod_1,BL_ML_Q2
,,0.0,-2.9590347184579238,Subperiod_1,BL_ML_Q3
,,0.0,-4.824607627407311,Subperiod_1,Min_Variance
,,0.0,-inf,Subperiod_1,Max_Sharpe_Pure
-5.0798815155532635,11.882342594875038,-0.4291983230438826,-77.32135181385112,Subperiod_1,BL_Combined
0.004899800410104833,0.006824189046436811,-2.2127463772094065,-0.004426828451171874,Subperiod_2,EW_1N
0.016766240987676526,0.060631403999085814,-0.0533347209372264,-0.08273979700637128,Subperiod_2,Market_Equilibrium
0.040246789833716046,0.1311128128423721,0.15442266392421436,-0.16633167064830773,Subperiod_2,BL_ML_Q1
,,0.0,-1.1053336645902656,Subperiod_2,BL_ML_Q2
,,0.0,-1.1053336645902656,Subperiod_2,BL_ML_Q3
,,0.0,-1.1053336645902656,Subperiod_2,Min_Variance
,,0.0,-1.1053336645902656,Subperiod_2,Max_Sharpe_Pure
,,0.0,-3.581965706232858,Subperiod_2,BL_Combined
0.0029155269750194245,0.00829133986442751,-2.060520169759101,-0.00994193872637819,Subperiod_3,EW_1N
0.004893064798003218,0.0501962533105353,-0.30095742621543636,-0.08463123848086454,Subperiod_3,Market_Equilibrium
0.020537584451333777,0.11159517142043673,0.004817273404316195,-0.17658287366286607,Subperiod_3,BL_ML_Q1
,,0.0,,Subperiod_3,BL_ML_Q2
,,0.0,-inf,Subperiod_3,BL_ML_Q3
,,0.0,-inf,Subperiod_3,Min_Variance
,,0.0,-2.0788604925607577,Subperiod_3,Max_Sharpe_Pure
-inf,,0.0,-1.1138782536398772,Subperiod_3,BL_Combined
0.027841998951522767,0.010466191129103639,0.7492696105765061,-0.005227234481112854,Subperiod_4,EW_1N
0.05530066213612974,0.0572079721439298,0.6170584415632955,-0.07461548551827746,Subperiod_4,Market_Equilibrium
0.07176056005931097,0.15017818565470747,0.344660976117529,-0.2050454443649283,Subperiod_4,BL_ML_Q1
,,0.0,-0.0,Subperiod_4,BL_ML_Q2
,,0.0,-inf,Subperiod_4,BL_ML_Q3
,,0.0,-inf,Subperiod_4,Min_Variance
,,0.0,-inf,Subperiod_4,Max_Sharpe_Pure
-inf,,0.0,-inf,Subperiod_4,BL_Combined
-0.0023385440037128956,0.01994618498482967,-1.119940681423679,-0.05571647892689817,Subperiod_5,EW_1N
-0.03793398633979201,0.07923103346716821,-0.7312032142531464,-0.2057366253044744,Subperiod_5,Market_Equilibrium
-0.0817449177569149,0.16034337963053893,-0.6345439268609292,-0.4337680009097965,Subperiod_5,BL_ML_Q1
,,0.0,-inf,Subperiod_5,BL_ML_Q2
,,0.0,-inf,Subperiod_5,BL_ML_Q3
,,0.0,-inf,Subperiod_5,Min_Variance
,,0.0,,Subperiod_5,Max_Sharpe_Pure
2.4302081993158433,10.09070036638893,0.23885440175629388,-65.26180715156026,Subperiod_5,BL_Combined
0.03398663621261076,0.015232822558658897,0.9181907134249551,-0.008480312913818464,Subperiod_6,EW_1N
0.01727891846892752,0.06073606990506012,-0.044801738659184784,-0.0648518864411334,Subperiod_6,Market_Equilibrium
-0.021827403292852134,0.12193424101223076,-0.3430324652503195,-0.13758578824984663,Subperiod_6,BL_ML_Q1
,,0.0,-2.4604718245293435,Subperiod_6,BL_ML_Q2
,,0.0,-2.4604718245293435,Subperiod_6,BL_ML_Q3
,,0.0,-2.4604718245293435,Subperiod_6,Min_Variance
,,0.0,-2.4604718245293435,Subperiod_6,Max_Sharpe_Pure
1.434092269061518,12.221300261120556,0.11570718653891102,-1.679109024294723,Subperiod_6,BL_Combined
